,code,year,month,day_of_month,date,state,magnitude,injuries,fatalities,s_latitude,s_longitude,e_latitude,e_longitude,length,width
0,VglefgCVzIxKiaFiV6xr,2021,12,10,2021-12-10,TN,4,515,57,36.48,-89.14,37.61,-86.51,168.53,2600.00
1,dpZtYxMviTY06Mb1PsxU,2021,12,10,2021-12-10,AR,4,14,8,35.79,-90.55,36.40,-89.31,81.17,1800.00
2,GSnG0nkQjEERoGVgI476,2021,3,25,2021-03-25,GA,4,0,0,33.25,-85.19,33.45,-84.56,38.56,1850.00
3,B0bW1D1VbbHSHoFvoef4,2020,7,8,2020-07-08,MN,4,2,1,46.09,-95.94,46.17,-95.80,8.86,650.00
4,YydK5kcfUHo8f9GqY1qJ,2020,4,19,2020-04-19,MS,4,1,1,31.07,-89.96,31.23,-89.08,53.76,2275.00
5,VGQZqr7sNiCNSyuCWKWa,2020,4,13,2020-04-13,SC,4,60,5,32.70,-81.29,32.83,-80.91,23.73,1300.00
6,I6Dzd69vIuVCsMjlhBJf,2020,4,12,2020-04-12,MS,4,98,7,31.46,-89.76,32.07,-88.86,67.43,3960.00
7,rpt5ZWCEYCG1omhBvme6,2020,4,12,2020-04-12,MS,4,3,4,31.28,-90.17,31.40,-89.85,21.17,1936.00
8,UaJGcXQMlXKKt5LjhxEr,2020,3,3,2020-03-03,TN,4,87,19,36.17,-85.66,36.17,-85.51,8.39,900.00
9,qGKqy5zKrsoBn9S3QkmE,2019,5,28,2019-05-28,KS,4,4,0,38.84,-95.37,39.08,-94.93,29.07,1760.00
10,Xn64VAXHHG1xPOMxU6lg,2019,5,27,2019-05-27,OH,4,166,0,39.82,-84.46,39.76,-84.11,18.17,1050.00
11,lBMU0jylUICch4xmHp3n,2019,3,3,2019-03-03,AL,4,90,23,32.45,-85.48,32.75,-84.37,68.04,1600.00
12,cluCZTsvd1vumTHwNxXm,2017,4,29,2017-04-29,TX,4,25,2,32.26,-96.02,32.55,-95.93,21.42,1760.00
13,a6kfJB5RnDnFkgERHntX,2017,2,28,2017-02-28,MO,4,12,1,37.72,-90.01,37.95,-89.07,53.47,1100.00
14,8e4YYDn5Dx1Pi3vW7zU7,2016,5,25,2016-05-25,KS,4,8,0,39.00,-97.44,38.96,-96.97,25.09,900.00
15,pdWhn5t0Oimkl3WPz3VX,2016,5,9,2016-05-09,OK,4,0,1,34.56,-97.36,34.59,-97.21,8.90,400.00
16,uYVVZThu9mtv3FoZjexq,2015,12,26,2015-12-26,TX,4,468,10,32.80,-96.59,32.97,-96.50,13.04,550.00
17,HuIckusKmH7ceheFoSqa,2015,12,23,2015-12-23,MS,4,36,9,34.60,-89.71,35.15,-88.57,75.09,1300.00
18,JP7gwBQrJHCjIztOldnd,2015,4,9,2015-04-09,IL,4,11,2,41.85,-89.29,42.16,-88.88,30.14,700.00
19,RsRGCJNeS572PhS7DcSG,2014,6,18,2014-06-18,SD,4,2,0,44.04,-98.40,44.20,-98.40,11.50,880.00
20,FadBKViyWtFGEDUQBNFm,2014,6,16,2014-06-16,NE,4,0,0,42.13,-96.87,42.35,-96.80,15.84,530.00
21,w9zEyAdsOhoRXV8NYNxP,2014,6,16,2014-06-16,NE,4,0,1,41.97,-97.04,42.12,-96.94,11.50,500.00
22,9lMBuAgLvCb3tz1X8ocd,2014,6,16,2014-06-16,NE,4,20,1,41.95,-97.14,42.12,-96.85,23.94,500.00
23,bV2uYxn3Rv0IEkNO7vpS,2014,6,16,2014-06-16,NE,4,0,0,41.89,-97.33,42.04,-97.21,12.11,400.00
24,q9Fm4zeBxTPOc7pRTQad,2014,4,28,2014-04-28,MS,4,84,10,32.88,-89.43,33.19,-89.00,33.39,1320.00
25,qlS93ofLrK9OP5l84MgD,2014,4,27,2014-04-27,AR,4,193,16,34.78,-92.65,35.14,-92.08,41.10,1320.00
26,0mXg45kBdX9FjR30uGDk,2013,11,17,2013-11-17,IL,4,125,3,40.62,-89.57,41.01,-88.84,46.36,880.00
27,UxS9JiwGBtXmAF14V1tt,2013,11,17,2013-11-17,IL,4,2,2,38.42,-89.45,38.48,-89.27,10.59,200.00
28,RnVz2BfbLs12OOl8akyz,2013,10,4,2013-10-04,NE,4,15,0,42.13,-97.08,42.36,-96.89,18.34,2429.00
29,C47OFfYcsnm2gkYz8Q2p,2013,10,4,2013-10-04,IA,4,0,0,42.33,-96.11,42.58,-95.76,24.70,2600.00
30,Yc1j4D9u3xhuIr79AtFI,2013,5,19,2013-05-19,OK,4,10,2,35.25,-97.30,35.42,-96.98,23.00,1500.00
31,BjbCrHG8KQAPr90DC2yL,2013,5,18,2013-05-18,KS,4,0,0,38.14,-99.47,38.23,-99.43,7.00,1100.00
32,hEWOHBnAqoeHZFcaCBkR,2013,5,15,2013-05-15,TX,4,54,6,32.41,-97.75,32.44,-97.72,2.50,400.00
33,Wth82VRf56p0OTXbTC2k,2013,2,10,2013-02-10,MS,4,71,0,31.28,-89.47,31.37,-89.12,21.65,1320.00
34,ePkkorQpyqeniG8oNcFg,2012,4,14,2012-04-14,KS,4,0,0,38.41,-98.26,38.95,-97.68,50.28,400.00
35,B6K4lqE8pCqfp1KRE6iF,2012,3,2,2012-03-02,KY,4,8,4,38.79,-84.63,38.82,-84.45,9.85,880.00
36,Wi7KLWLKKLpDDjGJ4x9u,2012,3,2,2012-03-02,IN,4,0,11,38.43,-86.19,38.66,-85.26,45.05,800.00
37,4lDtbmTaojeYlYbVwuxd,2012,2,29,2012-02-29,IL,4,108,8,37.69,-88.65,37.80,-88.19,26.09,325.00
38,DODt0h8dAojqPJD4XWWR,2011,11,7,2011-11-07,TX,4,0,0,34.33,-99.22,34.54,-99.12,17.39,500.00
39,dvZvH2ysp6NdKRb8GBGT,2011,5,24,2011-05-24,AR,4,27,4,35.28,-93.95,35.69,-93.32,45.71,2200.00
40,8Kerz9u1INulfEELRsg7,2011,5,24,2011-05-24,OK,4,48,1,35.01,-97.96,35.31,-97.57,33.30,880.00
41,UEPMb79XkObWczHS0SLg,2011,5,24,2011-05-24,OK,4,61,0,34.88,-97.73,35.14,-97.49,23.10,880.00
42,gPIiOqZW1ZIFU48X8AK0,2011,4,27,2011-04-27,AL,4,50,14,34.62,-85.98,34.95,-85.27,46.98,1260.00
43,rKNlthpkbe3Mx5KS6Rbi,2011,4,27,2011-04-27,AL,4,54,13,33.25,-88.18,34.28,-86.35,127.80,1408.00
44,2HFnXW4PD8gsnEmZKmrh,2011,4,27,2011-04-27,AL,4,30,7,32.62,-86.19,32.92,-85.52,44.18,880.00
45,WB6ERKN40E9VyFHrr2R4,2011,4,27,2011-04-27,AL,4,48,6,34.08,-87.01,34.49,-86.36,46.88,880.00
46,S2BfdrIeu0xx3QwsWDri,2011,4,27,2011-04-27,AL,4,0,1,34.79,-85.91,35.07,-85.50,30.24,1320.00
47,XcHqc8xcQ0xUIhZ2ocd6,2011,4,27,2011-04-27,TN,4,12,4,35.34,-85.42,35.68,-84.87,40.16,880.00
48,y2jg4Txy5iVwmzbbphV5,2011,4,27,2011-04-27,TN,4,0,0,35.53,-84.05,35.66,-83.85,14.45,1320.00
49,X3RxPYMeidggDe9PTQVC,2011,4,27,2011-04-27,MS,4,17,7,32.03,-89.50,32.48,-87.49,122.04,1050.00
50,4xtM15w3R4WYx14jGM8A,2011,4,27,2011-04-27,GA,4,335,20,34.87,-85.18,35.37,-84.60,48.00,800.00
51,LlASR6bEfV5MGoCTeU52,2011,4,27,2011-04-27,AL,4,1500,64,33.03,-87.94,33.63,-86.74,80.68,2600.00
52,Btv5O47O6Okx3d9jKGLB,2011,4,27,2011-04-27,AL,4,85,22,33.68,-86.57,34.19,-84.99,97.33,1760.00
53,F6H6YdkrdjnY6oO9KlVp,2011,4,22,2011-04-22,MO,4,5,0,38.74,-90.49,38.73,-90.09,21.30,880.00
54,RNGE1Ypz6LlYnnx2mCuE,2011,4,9,2011-04-09,IA,4,0,0,42.73,-94.86,42.72,-94.79,3.20,587.00
55,o8xwXHFdVzSjde496awC,2010,11,29,2010-11-29,LA,4,0,0,31.79,-92.81,31.95,-92.65,13.96,400.00
56,OAqHQmoaBeFbkWjGoUF3,2010,8,7,2010-08-07,ND,4,0,0,46.11,-96.63,46.15,-96.52,5.00,600.00
57,tLfRHpDaAOkubx4KbJtv,2010,6,25,2010-06-25,IA,4,13,0,43.44,-95.95,43.38,-95.70,13.65,800.00
58,fgRysNgBXnprb18indL0,2010,6,17,2010-06-17,MN,4,5,1,46.09,-95.44,46.61,-95.25,39.56,2288.00
59,Jsuf6smPGyF7W0rVBFbm,2010,6,17,2010-06-17,ND,4,1,0,47.54,-97.30,47.78,-97.32,17.00,150.00
60,JS9oX2zyCQqGGuzoEx8T,2010,6,17,2010-06-17,MN,4,14,1,43.58,-93.64,43.80,-93.52,16.91,1760.00
61,cBXsCAO2RLQfFVQLoBWq,2010,6,17,2010-06-17,MN,4,20,0,46.41,-95.18,46.52,-95.03,10.00,1936.00
62,MXKfA4IffRHCm6ze0UPd,2010,6,5,2010-06-05,OH,4,28,7,41.55,-83.54,41.57,-83.37,8.80,400.00
63,NRaPTsY1aPvzsq8kFBVc,2010,5,22,2010-05-22,SD,4,0,0,45.45,-99.75,45.48,-99.64,5.70,1200.00
64,1oxf3xTO9VBelFQgETRH,2010,5,10,2010-05-10,OK,4,49,2,35.29,-97.50,35.47,-97.16,24.00,2000.00
65,bNBmZ8m0MBB4foeOg7S2,2010,5,10,2010-05-10,OK,4,32,1,35.18,-97.43,35.26,-97.05,22.25,880.00
66,JjCSbZqRxjgRjWyZlrJS,2010,4,24,2010-04-24,LA,4,146,10,32.40,-91.30,33.43,-89.04,148.97,3080.00
67,wZP70Iz7EkGPBtxZGKef,2010,4,24,2010-04-24,AL,4,5,0,34.34,-85.71,34.22,-85.96,16.62,880.00
68,rlNL55BQtU25cu5VFLmL,2009,4,10,2009-04-10,TN,4,58,2,35.76,-86.85,35.91,-86.28,23.25,750.00
69,cFpdRoaTSvDJe74ilJgM,2009,2,10,2009-02-10,TX,4,46,8,33.93,-97.62,34.26,-97.11,36.99,880.00
70,jSFtzCrwdhNtmU6HH038,2008,6,11,2008-06-11,KS,4,0,0,39.13,-96.71,39.20,-96.58,8.64,440.00
71,UBt4zdHXqsXj5e0ovj2Z,2008,5,23,2008-05-23,KS,4,2,0,38.94,-100.29,39.11,-100.33,11.39,1320.00
72,hLSRQlsTDjN7W1cyUZ44,2008,5,11,2008-05-11,GA,4,9,0,31.41,-81.46,31.40,-81.30,11.00,700.00
73,Xx6QPlGkCPc3B1PNuzJF,2008,5,10,2008-05-10,OK,4,350,21,37.00,-95.14,36.82,-93.78,75.51,1760.00
74,NHkEqUoQnOMqDLb9BjVB,2008,2,6,2008-02-06,AL,4,12,1,34.67,-85.84,34.76,-85.69,10.90,660.00
75,VMqMaYSgAadXI36JCkVo,2008,2,6,2008-02-06,AL,4,23,4,34.40,-87.29,34.56,-87.06,16.70,880.00
76,P7MGELekuLXDwXq7HxtG,2008,2,5,2008-02-05,AR,4,139,13,35.10,-93.07,36.29,-91.47,121.84,1320.00
77,nKkpIgoVshoHRTDCv7Lu,2008,2,5,2008-02-05,TN,4,5,3,35.27,-88.29,35.38,-88.04,16.17,880.00
78,lsrgPaURv0qgPhCNQXXx,2008,2,5,2008-02-05,TN,4,51,0,35.68,-88.86,35.73,-88.75,7.61,125.00
79,ETOIYhg0ZTkIGEIcfp6l,2007,8,26,2007-08-26,ND,4,18,1,47.72,-97.61,47.74,-97.53,5.00,1400.00
80,jDCV8Su1NlTAXioQwV5S,2007,3,1,2007-03-01,AL,4,2,1,32.12,-87.41,32.27,-87.14,18.32,500.00
81,lGLJz6N7lgkpWTp70Ott,2007,3,1,2007-03-01,AL,4,50,9,31.28,-85.92,31.38,-85.78,10.33,500.00
82,eCVIiB9fpcF6o6E482OF,2007,2,28,2007-02-28,KS,4,0,0,38.13,-95.10,38.26,-94.66,28.01,800.00
83,Z3oqow21DR8rF4GopVIx,2006,9,22,2006-09-22,MO,4,6,0,37.68,-89.83,37.80,-89.33,27.50,225.00
84,FhHbNFkwtU6dZmnF1TQa,2006,3,12,2006-03-12,MO,4,0,0,39.45,-92.18,39.65,-91.73,29.00,500.00
85,kEy8u1UQ7uLOhIkYkols,2005,11,15,2005-11-15,KY,4,40,0,37.25,-87.53,37.42,-87.35,15.00,800.00
86,TpfMu1xTNLwydakBDF9s,2004,7,18,2004-07-18,ND,4,0,0,46.78,-98.38,46.62,-98.35,12.00,200.00
87,XgiEbVOWxUfeqjmDwTYE,2004,7,13,2004-07-13,IL,4,3,0,40.80,-89.33,40.78,-89.17,9.60,440.00
88,qrfQv1fXx8bNaf6yPSK8,2004,5,29,2004-05-29,MO,4,6,3,39.88,-94.25,40.22,-94.03,22.00,800.00
89,UoBIgd8Pe4puXNDS3ohM,2004,5,22,2004-05-22,NE,4,38,1,40.32,-97.33,40.70,-96.40,54.00,4400.00
90,QhcS50hOkAOoj0DCJHVe,2004,5,12,2004-05-12,KS,4,1,0,37.25,-97.98,37.25,-97.97,1.20,500.00
91,MD9yrLnHQinzPwgwq7eS,2003,6,24,2003-06-24,SD,4,4,0,44.28,-97.77,44.42,-97.72,10.00,1000.00
92,27BEnxbhR3xfBBoPJOVa,2003,6,23,2003-06-23,NE,4,0,1,42.50,-97.32,42.53,-97.07,13.00,1200.00
93,okE4Bjgi1tnMGEC7fxnz,2003,5,8,2003-05-08,OK,4,134,0,35.33,-97.53,35.47,-97.25,17.30,700.00
94,kXHoEHPyDTSl1z25Lnv0,2003,5,6,2003-05-06,IL,4,33,2,37.27,-89.03,37.38,-88.48,33.00,1000.00
95,Uha6td9JTLMB3mduNixM,2003,5,4,2003-05-04,KS,4,30,2,39.07,-94.83,39.25,-94.50,21.00,500.00
96,XzpSKwPRRIJ8xWkxZpNz,2003,5,4,2003-05-04,TN,4,86,11,35.52,-89.03,35.65,-88.35,39.00,880.00
97,ocPDgidPQ8Mma2HrafZX,2003,5,4,2003-05-04,MO,4,13,0,39.23,-94.48,39.23,-94.47,5.00,200.00
98,eOUZ7dLzlULqLVIAt1NB,2003,5,4,2003-05-04,KS,4,30,4,37.42,-95.10,37.58,-94.53,33.00,880.00
99,rgld69ir9CCssPeTseBM,2002,11,10,2002-11-10,OH,4,17,4,40.78,-84.77,41.30,-84.00,52.80,880.00
100,5W9llLZJWPHMCIic3Z8S,2002,8,11,2002-08-11,ND,4,0,0,46.95,-99.30,46.97,-99.30,1.00,300.00
101,kWijW63QjWh9LFo86AZ9,2002,6,23,2002-06-23,SD,4,0,0,45.68,-98.43,45.82,-98.38,9.00,900.00
102,59bqriQKjVelHajWhq5p,2002,4,28,2002-04-28,MD,4,122,3,38.55,-77.18,38.48,-76.50,38.00,650.00
103,JTpF6nK4IxQEV0t2qc8b,2002,4,24,2002-04-24,MO,4,16,0,37.00,-91.02,36.80,-90.33,40.50,650.00
104,N1xDB5hPPB90QDGzmp93,2001,11,24,2001-11-24,AL,4,22,0,33.92,-86.43,34.03,-86.30,10.10,500.00
105,V7cPPzNQdqUEpFuPt3Ue,2001,11,24,2001-11-24,MS,4,21,2,32.43,-90.20,32.57,-90.05,11.50,880.00
106,D0Er2Y461103Siyolwo1,2001,11,24,2001-11-24,MS,4,48,0,33.47,-91.10,33.87,-90.72,30.30,880.00
107,ebe05sTVbf6qeoGQUY7t,2001,9,24,2001-09-24,VA,4,2,0,38.57,-77.98,38.72,-77.83,10.00,75.00
108,46MNX2BCr1PyH5MNEXRh,2001,6,13,2001-06-13,NE,4,2,0,40.85,-97.08,40.95,-96.98,8.00,400.00
109,sRkQVONJiSBd2cORaC2F,2001,4,21,2001-04-21,KS,4,28,1,38.50,-98.78,38.57,-98.77,5.00,660.00
110,litpKhVSOybvLfQdl6Px,2000,12,16,2000-12-16,AL,4,144,11,33.05,-87.70,33.20,-87.40,18.00,750.00
111,MArF3lwknZ7Zx4ZFkA3k,2000,9,20,2000-09-20,OH,4,100,1,39.65,-83.98,39.73,-83.88,9.00,500.00
112,wX6UxtKQR7V6GnfC57y6,2000,7,25,2000-07-25,MN,4,15,1,44.90,-95.67,44.82,-95.55,9.00,160.00
113,lfVCEvWwRL8LDsn5POXD,1999,6,6,1999-06-06,ND,4,0,0,48.60,-97.78,48.68,-97.85,8.00,500.00
114,GhnS55EyrpHio5yS9Yoi,1999,5,11,1999-05-11,TX,4,6,1,30.68,-99.10,30.65,-99.00,7.00,1400.00
115,IDXoYuqXkZDHOqG2ABUh,1999,5,5,1999-05-05,TN,4,0,3,35.57,-87.92,35.63,-87.83,6.00,580.00
116,NVEzEMieHRzsS0OkEiuR,1999,5,3,1999-05-03,KS,4,150,6,37.32,-97.40,37.70,-97.33,24.00,880.00
117,9q4IAL1Bi4bmll9olli8,1999,5,3,1999-05-03,OK,4,26,2,35.88,-97.68,36.32,-97.23,35.00,1760.00
118,3z1HUUjOQWwtJLeWlzyz,1999,5,3,1999-05-03,OK,4,11,1,35.93,-97.95,36.07,-97.78,15.00,880.00
119,NmynhFraVshBEyxydxOc,1999,4,9,1999-04-09,OH,4,65,4,39.23,-84.37,39.30,-84.23,10.00,270.00
120,4U6KluIrndELlIRuilvV,1999,4,8,1999-04-08,IA,4,1,0,41.03,-94.32,41.77,-93.87,56.00,1250.00
121,nDP728RgwNSjAhz9Iu3M,1999,4,8,1999-04-08,IA,4,3,0,40.85,-94.90,41.48,-94.47,49.00,1000.00
122,9Nzk5CeUwittUKKz85jB,1999,4,3,1999-04-03,LA,4,102,7,32.53,-93.83,32.75,-93.60,19.30,200.00
123,il9Vp6jE4oEzmxw3OagP,1999,1,21,1999-01-21,AR,4,0,0,36.28,-90.55,36.40,-90.35,16.00,400.00
124,xHISWjZK9eG6QZKCqhU0,1999,1,17,1999-01-17,TN,4,106,6,35.58,-88.88,35.63,-88.68,16.00,500.00
125,OVPSgQg5HkvAC2zyXf4V,1998,6,11,1998-06-11,IN,4,4,0,39.78,-85.95,39.82,-85.73,13.20,400.00
126,MKAcv3BJCHvxIpBfUVzV,1998,6,2,1998-06-02,PA,4,5,0,40.05,-79.22,39.63,-78.83,36.50,1200.00
127,gth8ofRNxXQ8AnBOssB2,1998,5,30,1998-05-30,SD,4,150,6,43.75,-97.68,43.70,-97.43,14.00,1150.00
128,XJQULfWPQiZv5yXUX4xl,1998,5,7,1998-05-07,NC,4,2,0,35.87,-81.38,35.87,-81.32,4.00,1320.00
129,EVO6zQC5oWFXN9sCyv2I,1998,4,16,1998-04-16,AR,4,12,2,35.87,-90.18,35.90,-90.13,5.00,400.00
130,Z0GYhTH4rBjRdoc19lDe,1998,3,29,1998-03-29,MN,4,19,1,43.95,-95.53,44.27,-94.27,73.50,1500.00
131,4ipZ6Giu6hvXk7SNNtdG,1997,5,27,1997-05-27,TX,4,5,1,30.37,-98.02,30.33,-97.98,5.60,440.00
132,ju8yeBan9O1frxL2md59,1997,3,1,1997-03-01,AR,4,0,0,35.77,-90.18,35.95,-89.72,20.00,200.00
133,VTr2ZRMxvAzbFziQmtZ9,1997,3,1,1997-03-01,TN,4,15,1,35.95,-89.67,36.12,-89.18,15.00,200.00
134,bWuTF2E5jvZBXYjXZCbw,1997,3,1,1997-03-01,TN,4,0,0,36.10,-89.17,36.13,-88.95,10.00,200.00
135,eTFsHIc6jJobCCKDChiG,1997,3,1,1997-03-01,AR,4,40,10,34.52,-92.52,34.65,-92.35,14.00,1407.00
136,BnoPhaO5mtd7mPG8UEEQ,1997,3,1,1997-03-01,AR,4,100,6,33.90,-93.33,34.15,-93.02,27.00,1053.00
137,oeQZel1zYmTvsNlSPAVd,1997,3,1,1997-03-01,AR,4,180,5,34.62,-92.35,34.75,-92.20,11.00,1407.00
138,EeVknjsgJmOSGmpSnZaM,1997,3,1,1997-03-01,AR,4,11,0,34.15,-93.00,34.37,-92.68,24.00,527.00
139,7CPvcY1V7QvLD5d13Tl1,1997,1,24,1997-01-24,TN,4,18,0,35.78,-86.50,35.83,-86.38,6.50,300.00
140,AVU21wrCnUQDrkVJSUR6,1996,5,28,1996-05-28,KY,4,10,0,38.15,-85.75,38.03,-85.17,30.00,850.00
141,S1peBagOtHPqjBNNLNkg,1996,4,14,1996-04-14,AR,4,35,7,35.82,-92.35,36.20,-91.72,44.00,880.00
142,wZ5XH7qntqYAQUA6iKo0,1995,11,7,1995-11-07,SC,4,1,0,34.14,-79.35,34.14,-79.34,0.70,100.00
143,v12DCwVZPVDuZSHuSoPQ,1995,6,8,1995-06-08,TX,4,0,0,35.50,-100.22,35.68,-100.10,15.00,2200.00
144,FSjFZH0S5qWGX9hb0T9R,1995,6,8,1995-06-08,TX,4,0,0,35.25,-100.60,35.55,-100.38,29.00,600.00
145,YIfUMiZWLrJia4yGX0aw,1995,6,8,1995-06-08,TX,4,7,0,35.50,-101.02,35.53,-100.97,3.00,200.00
146,LqaaXqGy3ZSJFgdpxKNQ,1995,5,29,1995-05-29,MA,4,24,3,42.20,-73.43,42.17,-73.17,11.50,300.00
147,Hd5eoJEwt0dzJ3vTe8iU,1995,5,27,1995-05-27,IA,4,1,0,41.78,-94.65,42.20,-94.48,30.00,250.00
148,KU2ASvIsTMM1XULOp613,1995,5,27,1995-05-27,IA,4,2,0,41.07,-94.42,41.77,-94.15,57.00,500.00
149,kqX4xsBDhSDAkLMZVgys,1995,5,27,1995-05-27,IA,4,0,0,42.07,-94.90,42.58,-94.83,36.00,400.00
150,8bRShN2oDQFh0aVL4zIO,1995,5,18,1995-05-18,AL,4,55,1,34.83,-87.03,34.80,-86.25,39.00,1300.00
151,AlxVSOpHDbF98tw2kgKI,1995,5,18,1995-05-18,TN,4,32,3,35.00,-87.48,35.35,-87.17,29.00,1000.00
152,2HqCl8WjwIMu3C4wdRNe,1995,5,13,1995-05-13,IL,4,7,0,40.58,-91.31,40.74,-90.44,50.00,1000.00
153,hmwQOSw6cfowo2Jr79e0,1995,5,13,1995-05-13,IL,4,45,0,40.37,-90.30,40.42,-90.12,7.00,880.00
154,jKIEANOTeHwexupqkRcm,1994,7,5,1994-07-05,WI,4,2,0,44.28,-87.82,44.32,-87.77,3.50,150.00
155,1QMuTYdPb41F7Eu4OkNB,1994,4,26,1994-04-26,IN,4,70,3,40.48,-86.95,40.58,-86.75,14.00,100.00
156,nDijmoNKUYUYmUyp9er7,1994,4,25,1994-04-25,TX,4,48,3,32.60,-96.75,32.67,-96.67,6.00,800.00
157,raTDu13VKSQJUGKehKtP,1994,3,27,1994-03-27,AL,4,150,22,33.72,-86.15,34.02,-85.42,50.00,880.00
158,QXoR0TpI3IyorpnwlxqG,1994,3,27,1994-03-27,GA,4,20,3,34.13,-85.03,34.43,-84.30,49.00,1760.00
159,Cdg545KyCZzUkD8cNILG,1993,8,6,1993-08-06,VA,4,246,4,37.20,-77.43,37.32,-77.27,1.00,250.00
160,75DwMsJXxMb6VaIzXW0G,1993,6,7,1993-06-07,SD,4,5,0,43.72,-96.92,44.50,-96.57,54.00,800.00
161,WyhNsFO1YcmJFS4TotOC,1993,6,7,1993-06-07,SD,4,4,0,43.88,-97.28,44.07,-97.20,10.00,500.00
162,Ksnaw2ZMfLGtmVRYDS6i,1993,5,7,1993-05-07,KS,4,6,1,38.90,-98.52,39.23,-98.62,25.50,880.00
163,BRokLDIC9aLZ48ssZtpN,1993,5,5,1993-05-05,KS,4,0,0,37.12,-101.27,37.45,-101.22,23.00,880.00
164,ybATm5xpsKdVfWh78Aze,1993,4,24,1993-04-24,OK,4,100,7,36.15,-95.83,36.20,-95.75,5.50,250.00
165,b5LHFF5eK9LPPAdgee5B,1992,11,22,1992-11-22,GA,4,86,5,33.18,-83.45,33.47,-83.03,32.00,867.00
166,Sw8i8j2cXwVzoH79TCxB,1992,11,22,1992-11-22,MS,4,20,0,31.85,-89.52,32.32,-89.17,40.00,1760.00
167,zaqakMSTCusVOHtfAgGs,1992,11,22,1992-11-22,KY,4,10,1,38.60,-85.07,38.92,-84.80,26.70,60.00
168,PyOMDUZ2UQ4frOXPbwqS,1992,11,22,1992-11-22,GA,4,46,0,33.92,-84.67,34.17,-84.43,20.00,867.00
169,vktCwKKndyditLB42D0W,1992,11,21,1992-11-21,TX,4,16,0,29.73,-95.28,30.08,-94.90,30.00,1800.00
170,Jk87AaVyRlehsvjdWRMg,1992,11,21,1992-11-21,MS,4,122,12,31.97,-90.23,33.48,-89.17,128.00,880.00
171,psSaW6zXPCYHNI8pSTUj,1992,6,27,1992-06-27,TX,4,7,0,35.68,-101.73,35.53,-101.48,20.00,1583.00
172,Z4xMAEjAvppz5JsHb8fh,1992,6,16,1992-06-16,MN,4,3,0,43.95,-95.90,44.05,-95.97,7.00,160.00
173,8tpyS3LPHWpRk27m2TYv,1992,6,15,1992-06-15,KS,4,10,0,38.37,-97.67,38.45,-97.53,6.00,73.00
174,olhCK88XAiUpWpAPlBfs,1992,6,15,1992-06-15,KS,4,0,0,39.42,-98.22,39.43,-98.17,3.00,100.00
175,gL7PA0UDlxt0g1qhSpoK,1992,5,11,1992-05-11,OK,4,3,0,34.75,-95.95,34.78,-95.78,10.00,400.00
176,D86tW9zbDHuqcJbRHQYB,1992,3,9,1992-03-09,MS,4,1,0,33.05,-90.88,33.18,-90.60,20.00,880.00
177,cKclEeVRKiihgK4Ipsg4,1992,2,18,1992-02-18,OH,4,6,0,40.73,-84.57,0.00,0.00,2.80,40.00
178,JdNRdq8DdD1jYOfsOUD7,1991,11,29,1991-11-29,MO,4,64,2,37.10,-93.30,37.20,-93.22,10.00,400.00
179,RCNKW5sNah2iwI7VhnQ0,1991,4,26,1991-04-26,OK,4,22,0,36.45,-95.72,36.48,-95.65,4.00,1300.00
180,k8g6t5vl1DuOj03oL0d8,1991,4,26,1991-04-26,OK,4,24,1,36.17,-96.52,36.38,-96.00,32.00,1700.00
181,wXT9lQaJcttdeIe7HSMx,1991,4,26,1991-04-26,OK,4,6,0,36.43,-97.55,36.70,-96.45,66.00,1500.00
182,sAH0oR9QiOeJhb5C9xEz,1991,4,26,1991-04-26,KS,4,0,1,37.07,-97.15,37.35,-96.80,25.00,500.00
183,TGJ7xdejjHqVBoSjPVbU,1991,3,26,1991-03-26,KS,4,5,0,37.97,-98.05,38.15,-97.95,13.00,300.00
184,PLX7pDMfdfvyMQNPDI8R,1990,6,15,1990-06-15,NE,4,1,0,40.15,-101.23,40.27,-100.53,28.00,2640.00
185,KOkwLUilEfQT4Th3gF8O,1990,6,2,1990-06-02,IN,4,51,1,38.78,-86.53,38.90,-86.38,11.00,400.00
186,5YiDQQHsM8FKGnIjsjc0,1990,6,2,1990-06-02,IN,4,37,0,39.22,-84.92,39.35,-84.33,33.00,1350.00
187,f32Pa1B4RtjbWEnpnPDT,1990,6,2,1990-06-02,IN,4,9,0,38.85,-86.28,39.00,-85.95,18.00,200.00
188,74meBzsLENNvOBqDSDaR,1990,6,2,1990-06-02,IL,4,12,1,38.25,-88.47,38.68,-86.62,106.00,300.00
189,dDZONm7JV9cj7EZDABQ3,1990,6,2,1990-06-02,IL,4,2,0,38.57,-88.47,38.72,-88.08,23.00,300.00
190,M91jqBc3cttY5APdoWDF,1990,6,2,1990-06-02,IL,4,6,0,38.95,-88.27,39.05,-88.02,12.50,200.00
191,XugTYLTKRbzAXzPzMd1L,1990,6,2,1990-06-02,IN,4,60,6,38.47,-87.48,38.48,-87.25,13.00,200.00
192,t3bg598O59vAZschFFkm,1990,6,1,1990-06-01,TX,4,21,2,31.08,-102.35,30.85,-101.95,22.00,1233.00
193,puUiBndzSAXPkAOy3S78,1990,4,25,1990-04-25,TX,4,0,0,32.78,-97.83,32.90,-97.75,10.00,880.00
194,yQDLYDMNLXso75PQyT4t,1990,3,13,1990-03-13,IA,4,0,0,42.23,-91.42,42.40,-91.12,19.00,200.00
195,VkWZ5yzpmctagTdFHAJ2,1990,3,13,1990-03-13,NE,4,8,0,40.05,-98.53,41.45,-97.00,131.00,440.00
196,9lnzB2UidzLxAxU7hgIQ,1989,11,15,1989-11-15,AL,4,463,21,34.65,-86.65,34.78,-86.37,18.50,880.00
197,HiOiCwSCmF1RkNAYQkut,1989,7,10,1989-07-10,CT,4,40,0,41.38,-72.90,41.32,-72.92,3.00,100.00
198,mGEF1h6NcWZaR3ICbVpl,1989,7,10,1989-07-10,NY,4,20,0,42.83,-74.53,42.38,-74.03,42.00,1320.00
199,1QEj4R5JrqPrfxfYZMpb,1989,5,30,1989-05-30,IA,4,3,0,42.28,-93.17,42.27,-92.97,11.00,200.00
200,dV8NKgGOalFxMBNJkorl,1989,5,24,1989-05-24,IA,4,0,0,40.98,-94.72,40.63,-93.87,49.00,1760.00
201,LG1qHISoOzb7Ogj03XkH,1989,5,24,1989-05-24,IA,4,0,0,42.23,-93.82,42.20,-92.62,66.00,150.00
202,yxQaEIHn0h0hTBG1PpkD,1989,5,16,1989-05-16,TX,4,0,0,29.28,-100.42,29.52,-100.18,17.00,300.00
203,A1wWqGLm5e0gCj2U2sLp,1989,5,5,1989-05-05,NC,4,6,1,34.98,-80.73,35.10,-80.55,13.00,500.00
204,EpdgyRCTKsF5tv68Vzgg,1989,5,5,1989-05-05,SC,4,35,2,35.08,-81.93,35.25,-81.82,15.00,700.00
205,S3XQNvunNT2h01lxbAQU,1989,5,5,1989-05-05,NC,4,52,4,35.47,-81.58,35.68,-81.42,14.00,800.00
206,7kFUxYCOx8YHAALNkG9I,1989,1,7,1989-01-07,IL,4,55,0,38.48,-87.78,38.62,-87.43,19.00,200.00
207,LnJlT55bDYQTszAxmqst,1988,12,24,1988-12-24,TN,4,7,1,35.92,-86.90,36.03,-86.78,6.00,150.00
208,y9DhkO30zJnWueGFo2yV,1988,11,27,1988-11-27,NC,4,154,4,35.87,-78.75,36.45,-77.42,83.00,400.00
209,EY9UF2Zc9Z2qWGl5Rxpe,1988,1,19,1988-01-19,MS,4,1,0,33.15,-89.58,33.27,-89.33,13.00,700.00
210,UZfIbbmJfDmjZv2LvVX8,1987,7,21,1987-07-21,WY,4,0,0,43.90,-110.33,44.21,-110.09,24.30,2550.00
211,h849bSwrqkOIu0nM7Cjb,1987,5,22,1987-05-22,TX,4,121,30,31.00,-103.68,31.03,-103.63,3.00,1000.00
212,qWrm7lvmNRr9GwydIQtU,1987,2,28,1987-02-28,MS,4,350,6,31.50,-89.25,31.85,-88.85,35.00,1230.00
213,9C6Kfk17QgYElRVpWeVM,1986,9,28,1986-09-28,IA,4,0,0,41.75,-93.60,41.77,-93.00,20.00,250.00
214,06iPwhKoBAAyHRgeB2W8,1986,7,28,1986-07-28,NE,4,2,0,42.68,-96.97,42.18,-96.17,52.50,73.00
215,7bkoFFcVqdqVR1AvVxD9,1986,3,12,1986-03-12,MS,4,8,0,32.42,-88.77,32.70,-88.58,23.00,440.00
216,hX6KKfakd1Nv4NHkoFxA,1985,5,31,1985-05-31,PA,4,30,7,41.55,-79.62,41.45,-78.93,29.00,800.00
217,YZvL9RukpQ0RmE95Tpcj,1985,5,31,1985-05-31,PA,4,40,4,41.63,-79.03,41.55,-78.50,29.00,1000.00
218,MOETUoDhez8vm7PWaWH1,1985,5,31,1985-05-31,PA,4,0,0,41.18,-78.67,41.22,-77.32,69.00,3330.00
219,HMAA9H8nwkR8vUaAZ7V3,1985,5,31,1985-05-31,PA,4,0,0,41.93,-79.95,42.05,-79.43,28.00,440.00
220,hRKVMDkgO2c01q6zv7RC,1985,5,31,1985-05-31,OH,4,125,16,41.48,-80.52,41.43,-79.47,56.20,350.00
221,8vrrPJpoE3FMdG0iesQG,1985,5,31,1985-05-31,OH,4,82,12,41.83,-80.55,41.92,-80.28,14.00,400.00
222,Hr2wXMWeoioSRaaTzler,1985,5,10,1985-05-10,KS,4,0,0,39.42,-99.40,39.95,-99.48,33.00,1000.00
223,aLNBfY3VUpQCNVXsQ6BI,1985,5,10,1985-05-10,KS,4,2,0,39.73,-99.15,40.35,-98.45,56.00,1000.00
224,r9E14D02m8CcRXfMpFvo,1984,6,7,1984-06-07,MO,4,64,3,40.42,-94.03,41.58,-91.85,134.00,250.00
225,yWWCxEi077xBH5DS1PA6,1984,4,29,1984-04-29,OK,4,60,1,35.95,-96.50,36.27,-96.20,27.00,200.00
226,q6CwHq59q6mRyz3BzuRE,1984,4,27,1984-04-27,WI,4,14,1,42.98,-88.37,43.08,-88.20,6.50,10.00
227,HSEEFHl0psjIr6uOvUyJ,1984,4,27,1984-04-27,WI,4,19,1,44.08,-88.75,44.45,-88.30,27.50,60.00
228,Wj6AZuLaNfqcxVVdfdWx,1984,4,26,1984-04-26,OK,4,37,3,36.08,-96.60,36.20,-96.32,22.00,880.00
229,MftHnSKnPm1voAmJXDkT,1984,3,28,1984-03-28,NC,4,153,16,35.33,-77.78,35.68,-77.20,28.00,1223.00
230,zaDoc90wof10uXB74PML,1984,3,28,1984-03-28,SC,4,100,7,34.65,-79.75,34.68,-79.43,17.00,2113.00
231,hylfsryxE3FK9B5Pxevl,1984,3,28,1984-03-28,SC,4,49,5,34.37,-81.32,34.42,-80.92,21.00,1000.00
232,cNpHBhpsNuC5aLeZWFHK,1984,3,28,1984-03-28,SC,4,395,4,34.63,-79.60,34.93,-78.88,40.00,2600.00
233,uVY8Lwbjywrb3j30tJOS,1984,3,28,1984-03-28,SC,4,24,0,34.58,-79.92,34.62,-79.82,7.00,700.00
234,yqUCPxfJJQ8qKRImIvrg,1984,3,28,1984-03-28,SC,4,36,0,34.53,-80.63,34.60,-80.58,4.00,530.00
235,tPHQ56XSaqMTKwoiN1lT,1984,3,28,1984-03-28,NC,4,149,3,35.05,-78.25,35.27,-77.93,21.00,1407.00
236,VwkjM32yzcprPASXoFrl,1984,3,15,1984-03-15,AR,4,13,2,35.58,-92.45,35.65,-91.60,41.00,440.00
237,SzF2uhrtnspzbmlLVb4t,1984,3,15,1984-03-15,AR,4,12,5,35.47,-91.23,35.53,-90.90,26.00,440.00
238,Ue2ZUncIt2ZCKdqvUY2f,1983,12,6,1983-12-06,LA,4,25,0,30.07,-90.52,30.08,-90.42,7.00,200.00
239,e4EjyU3v8mVRBAgCvT6x,1983,7,3,1983-07-03,MN,4,4,0,45.22,-93.32,0.00,0.00,1.00,67.00
240,7ViiWwHrUYbFsj5xTn1g,1983,7,3,1983-07-03,WI,4,0,0,42.97,-90.13,0.00,0.00,0.50,50.00
241,1GGbcWIJ8aFUwyMcF77B,1983,4,1,1983-04-01,LA,4,20,2,32.65,-92.02,32.70,-91.87,9.00,1000.00
242,W86psRYdaba3BCCGEKWb,1982,12,24,1982-12-24,AR,4,11,0,36.18,-91.62,37.08,-90.98,63.00,440.00
243,YJks07X3FtMRThbhXIyb,1982,5,29,1982-05-29,IL,4,181,10,37.80,-89.13,37.72,-88.83,17.00,400.00
244,eRAmFYcBSMhZmvHbKzHE,1982,4,2,1982-04-02,AR,4,23,3,33.93,-94.28,33.87,-93.50,45.00,200.00
245,fw568FptKP6GO3YjHTE0,1982,4,2,1982-04-02,TX,4,170,10,33.65,-95.63,33.68,-95.23,23.00,250.00
246,ff5q0ocHbUVhJYDIOsmv,1982,4,2,1982-04-02,MO,4,28,2,36.57,-92.22,36.75,-91.85,20.00,500.00
247,yELYFw3xtZM4nFaTOGll,1982,3,18,1982-03-18,TX,4,12,0,36.02,-101.73,36.82,-100.52,88.00,880.00
248,hPcyVMn2yk3dhnb1G3P3,1981,5,22,1981-05-22,OK,4,0,0,35.32,-98.37,35.43,-98.12,16.70,1333.00
249,WXcl9JhIoxJvcFQktmtl,1981,5,17,1981-05-17,OK,4,2,0,35.35,-96.60,35.60,-96.10,33.60,600.00
250,K3PICRVK4KE3fZcQtzpH,1981,5,13,1981-05-13,TX,4,30,0,33.77,-95.70,33.78,-95.55,8.80,400.00
251,aKeNBVAVfcrfaf6wsYFu,1981,4,22,1981-04-22,MO,4,32,1,36.60,-90.42,36.90,-89.33,63.00,400.00
252,K5Il8uYvMUdqPxD2cn87,1981,4,4,1981-04-04,WI,4,53,3,43.43,-88.20,0.00,0.00,1.80,100.00
253,7KVc4Uxu87q91kWccRpd,1981,4,3,1981-04-03,IL,4,32,0,38.72,-90.13,38.82,-89.95,11.90,567.00
254,Wtk9K4WIkWTCytFxV3UG,1981,3,29,1981-03-29,IL,4,0,0,41.68,-89.95,41.75,-89.88,5.10,33.00
255,fIbYBzpubnshPAqXktZb,1980,7,9,1980-07-09,IN,4,25,2,39.62,-85.48,39.52,-85.37,11.00,267.00
256,kAnuNnGfniq4gjk1IvZO,1980,6,3,1980-06-03,PA,4,140,0,40.65,-79.73,40.58,-79.50,11.80,10.00
257,1Bj2XgPNyoJ7daBsesGg,1980,6,3,1980-06-03,NE,4,110,3,40.92,-98.30,40.90,-98.30,1.10,1700.00
258,y6UT1l75hRntXHwTuuWq,1980,6,2,1980-06-02,IA,4,0,0,40.62,-93.92,40.58,-93.32,31.20,140.00
259,Q4v72uQNS5clgRKrGDn8,1980,4,2,1980-04-02,TX,4,0,0,33.60,-99.18,33.68,-99.08,8.40,250.00
260,3vehJA2lyYtSC1L5VYB0,1979,10,3,1979-10-03,CT,4,500,3,41.88,-72.67,42.05,-72.70,11.30,1400.00
261,eEWjkrMkJBSucI5ema6r,1979,6,29,1979-06-29,IL,4,1,0,41.52,-88.23,41.60,-88.20,5.40,100.00
262,rM1RXy0uPLts28h1efcI,1979,6,28,1979-06-28,IA,4,26,3,42.63,-94.60,42.45,-94.43,14.90,33.00
263,NoMDb0vSQAfjfdiByCbK,1979,5,2,1979-05-02,OK,4,25,1,36.45,-98.35,36.35,-98.00,20.60,880.00
264,WqTlZSrAnj23fJWax0Ja,1979,4,10,1979-04-10,TX,4,1740,42,33.82,-98.65,34.18,-97.98,46.90,1320.00
265,6VTfA7CKQ4UGwEFL9XdM,1979,4,10,1979-04-10,TX,4,68,11,34.20,-99.15,34.27,-98.98,39.70,880.00
266,BrEc7zSLcjl6DWzPtaBx,1979,3,29,1979-03-29,MO,4,20,0,40.48,-95.15,40.70,-94.92,18.80,500.00
267,kItVYKZ82y9yLGrFPoQ1,1978,12,3,1978-12-03,LA,4,266,2,32.50,-93.75,32.57,-93.68,6.20,400.00
268,e3LH2IxvmcAdUHt17cFg,1978,7,4,1978-07-04,ND,4,35,5,46.40,-101.88,46.40,-101.33,26.00,250.00
269,4sfvSugWnWhr3e5Zk4WV,1978,4,30,1978-04-30,OK,4,0,0,35.58,-97.75,35.68,-97.63,9.30,1760.00
270,3RXQ8UvpSEhQP8daNvmx,1978,4,18,1978-04-18,MS,4,31,4,31.55,-90.12,31.67,-89.83,19.10,100.00
271,7jnmKKkXcUjHTxBlXbKL,1978,4,17,1978-04-17,MS,4,3,0,33.47,-91.00,33.50,-90.95,3.60,100.00
272,Yah5BwB0vSJtK1wkYrH4,1978,4,7,1978-04-07,NE,4,1,0,40.87,-98.27,41.12,-97.75,31.20,77.00
273,UW7WmPjnauCF9TT3IUS3,1978,4,7,1978-04-07,NE,4,0,0,41.18,-97.42,41.30,-97.37,8.00,50.00
274,B6YvGkXMcbghDqua7G2O,1977,8,31,1977-08-31,WI,4,10,0,44.78,-90.10,44.97,-89.50,31.80,1000.00
275,thn6o8SGDLnkUNP8L5rd,1977,7,30,1977-07-30,WI,4,20,0,45.10,-91.53,45.27,-91.22,19.00,300.00
276,osiMhOlBeGA4y7hZF21f,1977,7,7,1977-07-07,NE,4,0,0,42.15,-96.70,42.00,-96.25,22.60,77.00
277,KljBm3fqsuhXc1ng87Vp,1977,5,18,1977-05-18,OK,4,0,0,36.65,-102.40,37.13,-102.07,38.60,440.00
278,rpR1kYnPwcFCxiWjzNB2,1977,5,5,1977-05-05,IL,4,2,0,40.25,-89.25,40.33,-89.12,7.30,1000.00
279,Js6iRzAHFmslpsNKWEne,1977,5,4,1977-05-04,MO,4,5,0,39.22,-94.30,39.23,-94.28,12.00,400.00
280,79705WbGu9IxeS53xpXm,1977,5,4,1977-05-04,MO,4,1,0,39.32,-94.00,39.43,-93.12,48.60,880.00
281,7idl40RJOLbHCOtN3u2r,1977,5,4,1977-05-04,IA,4,14,0,42.53,-94.15,0.00,0.00,2.00,70.00
282,lWUmDMwzhWK17ua4Ri2r,1977,4,2,1977-04-02,MI,4,10,0,42.28,-85.55,42.35,-85.32,12.40,183.00
283,VlIoT8DG2C5aWmBRNJ81,1977,4,2,1977-04-02,MI,4,44,1,42.43,-85.02,42.53,-84.72,16.60,613.00
284,iiP1PkZZqoB22zJvX4Je,1977,2,23,1977-02-23,MS,4,5,2,33.02,-89.23,33.18,-89.07,15.00,350.00
285,w8uMle9bUUakdViTKa49,1976,6,29,1976-06-29,IL,4,0,0,40.80,-89.75,40.83,-89.65,4.90,40.00
286,lGX92BcoKsLgbHIwbhoa,1976,6,26,1976-06-26,IA,4,6,0,41.45,-95.60,41.48,-95.50,5.10,200.00
287,kmVkQxivPloEcOdY9V2Q,1976,6,13,1976-06-13,IL,4,23,2,41.67,-88.00,41.73,-87.92,3.30,1760.00
288,A6SwLxdGstfB3Gj5axzZ,1976,5,26,1976-05-26,TX,4,0,0,32.27,-97.28,32.18,-97.00,18.80,300.00
289,jpcuKVoQilXcz6pfagMG,1976,4,17,1976-04-17,KS,4,2,0,37.07,-98.53,37.32,-98.37,19.50,100.00
290,c3xe9Bgb8AiTNo2lFKro,1976,4,17,1976-04-17,OK,4,6,0,34.88,-98.52,35.30,-98.23,32.90,440.00
291,i8P59p3DcnE8LIJNNWUx,1976,3,29,1976-03-29,MS,4,177,3,32.58,-90.22,32.72,-89.87,22.30,880.00
292,LV9fqkizUNWU9PNiJUCX,1976,3,29,1976-03-29,MS,4,8,0,31.78,-90.65,32.43,-88.65,126.50,880.00
293,uyQJsR99F4Zfqmme8eOm,1976,3,26,1976-03-26,MS,4,11,0,31.78,-90.02,31.90,-89.73,18.50,880.00
294,8JPOSMjh2qc0tQnlihLd,1976,3,26,1976-03-26,OK,4,4,1,34.77,-95.08,34.87,-94.95,10.70,440.00
295,4KVHvaDtHOB909xiYd99,1976,3,20,1976-03-20,IL,4,18,0,39.80,-88.80,40.20,-87.68,63.70,800.00
296,BUc1c7Wm509Nx7xIrVwT,1976,3,20,1976-03-20,MI,4,55,1,42.52,-83.42,42.55,-83.33,3.80,117.00
297,DxbRcdNAc09zQSp7rBNb,1976,3,20,1976-03-20,IN,4,8,0,40.47,-87.00,40.60,-86.72,16.70,300.00
298,pDBI91F0H7fNqTvrpABn,1975,6,29,1975-06-29,ND,4,4,1,46.53,-102.97,46.33,-101.57,68.00,880.00
299,dPwXJ8zMhkIzSXR2qQ8X,1975,6,28,1975-06-28,MN,4,0,0,46.87,-96.73,46.95,-96.68,5.40,1320.00
300,vPJPMaERaYKw0kBxztN0,1975,6,18,1975-06-18,NE,4,0,0,41.35,-100.22,41.57,-100.28,15.20,10.00
301,dx4Wh1Jhv4MLuvpf9vcH,1975,5,6,1975-05-06,NE,4,0,0,42.20,-97.57,42.27,-97.53,4.10,300.00
302,MM90YCiXu957F5MFBpIx,1975,5,6,1975-05-06,NE,4,133,3,41.17,-96.07,41.28,-96.02,8.00,267.00
303,QkbTJw0Y9X7yeLZfmEco,1975,4,24,1975-04-24,MO,4,22,3,36.83,-94.58,36.87,-94.37,11.90,500.00
304,mrW4k4z6b30aSoPyItBI,1975,4,23,1975-04-23,MO,4,3,1,39.70,-93.97,39.77,-93.77,11.40,400.00
305,0Jmskg7mHOvdohe9tkGb,1975,4,23,1975-04-23,MO,4,4,1,39.68,-92.67,39.67,-92.13,28.20,1700.00
306,TLnGoXe0bOQaWiVG8jKH,1975,3,28,1975-03-28,AR,4,51,7,33.55,-92.12,33.62,-92.07,5.40,250.00
307,0m9Pe9Z2jamr1TQi5K7z,1975,2,23,1975-02-23,AL,4,49,1,33.08,-87.60,33.25,-87.45,14.40,500.00
308,dPSMN3XL12rEwOLB7iU7,1975,1,10,1975-01-10,MS,4,210,9,31.18,-90.53,31.87,-89.97,56.50,200.00
309,39zIXW4r1sjmZejMKzXc,1974,8,12,1974-08-12,IA,4,12,0,42.35,-91.48,0.00,0.00,5.00,400.00
310,K1XB07MGzZ2elOjHudUG,1974,8,12,1974-08-12,IA,4,2,0,41.75,-92.18,0.00,0.00,2.00,100.00
311,jA9pywLV4kaI4wcywc4V,1974,6,18,1974-06-18,IA,4,50,2,41.73,-93.62,41.52,-93.53,15.30,400.00
312,sbTi6McjQhrhOvHuQlev,1974,6,8,1974-06-08,KS,4,177,6,38.42,-96.22,38.90,-95.87,37.50,1760.00
313,y6bQ4KsFQCm1WMxWnMq2,1974,6,8,1974-06-08,OK,4,150,14,35.95,-96.65,36.42,-96.07,29.00,400.00
314,KJpeET7gR496G2Ty53C6,1974,4,21,1974-04-21,WI,4,35,0,43.75,-88.83,44.07,-88.53,26.00,200.00
315,Z9Q8DftmzzvZpJPEErUf,1974,4,3,1974-04-03,IN,4,285,18,40.50,-87.13,41.58,-85.43,108.70,1760.00
316,jHe82ByzpZ8A5X44JaG4,1974,4,3,1974-04-03,TN,4,121,11,35.00,-86.50,35.32,-86.08,27.50,800.00
317,LjehRrKBuB8Hd8iNINhE,1974,4,3,1974-04-03,TN,4,51,10,36.03,-85.57,36.25,-85.13,28.40,700.00
318,7QQvKlwp9xowYh5ewnpf,1974,4,3,1974-04-03,TN,4,150,7,36.25,-85.08,36.43,-84.83,18.80,200.00
319,paHj1l4oyQ3HQzveLPU7,1974,4,3,1974-04-03,TN,4,6,5,36.52,-85.08,36.63,-84.88,11.00,300.00
320,Bj9AIirUf1OESwOlTHdC,1974,4,3,1974-04-03,OH,4,39,2,39.18,-84.48,39.43,-84.28,19.80,350.00
321,HIeWIeEx77xT8163JxXV,1974,4,3,1974-04-03,KY,4,113,10,36.65,-85.37,36.93,-84.77,38.40,10.00
322,M6XcyNa6EFhbAXl9cXgT,1974,4,3,1974-04-03,KY,4,28,7,37.72,-84.50,38.03,-84.07,31.90,10.00
323,hJErx92GEbs0PLU3fiym,1974,4,3,1974-04-03,KY,4,122,4,38.05,-85.07,38.38,-84.53,79.40,10.00
324,NeOAAlvo8WSBxgfuhvup,1974,4,3,1974-04-03,KY,4,81,3,37.72,-85.90,38.00,-85.30,37.90,10.00
325,bmVOeLLMNkBL1ltmeV66,1974,4,3,1974-04-03,KY,4,225,3,38.20,-85.75,38.37,-85.48,18.50,10.00
326,QXAVflctFC2ZhoLg5nkb,1974,4,3,1974-04-03,KY,4,0,0,36.63,-84.78,36.75,-84.53,16.10,10.00
327,5jIaM4MxkgFuIp7VkDIp,1974,4,3,1974-04-03,KY,4,56,0,37.22,-85.47,37.38,-85.17,20.20,10.00
328,qtQZOBJ4I2erIxpPDwZg,1974,4,3,1974-04-03,KY,4,2,0,37.42,-86.57,37.50,-86.33,14.00,150.00
329,YbkurqMcOPkvvul5pwAj,1974,4,3,1974-04-03,IN,4,190,11,38.55,-85.75,38.93,-85.25,35.60,1200.00
330,9be5EeK5XkRlzyqNoTT9,1974,4,3,1974-04-03,IN,4,17,4,39.13,-85.72,39.47,-85.18,35.60,1200.00
331,tYeB623WNZjmFL8rgHvD,1974,4,3,1974-04-03,IN,4,12,1,40.05,-85.27,40.32,-85.03,18.00,1400.00
332,EAgfaQrpudCqxg1lyNYR,1974,4,3,1974-04-03,IN,4,104,0,38.77,-85.27,39.05,-84.90,27.10,1133.00
333,HtVedQRoXKmzGoijiPmO,1974,4,3,1974-04-03,IN,4,17,0,39.75,-85.65,39.98,-85.45,18.90,10.00
334,xhlwkjLd5AdoxXlxaZ07,1974,4,3,1974-04-03,GA,4,67,9,34.50,-85.05,34.80,-84.70,29.50,200.00
335,4VrRhY7wZW1TA0ZUhG2I,1974,4,3,1974-04-03,GA,4,30,6,34.37,-84.33,34.53,-84.12,17.70,200.00
336,RL3Bvc4F0nldhLS91Amo,1974,4,3,1974-04-03,GA,4,26,4,34.95,-84.30,35.15,-83.95,24.00,400.00
337,cnthBtrjDOv1qhju8VfU,1974,4,3,1974-04-03,AL,4,178,3,33.27,-88.20,34.27,-86.70,110.60,500.00
338,SEZRuTPiVAUWx4Bu5QDM,1973,12,13,1973-12-13,SC,4,0,2,34.18,-82.02,0.00,0.00,1.00,50.00
339,vnNJHeGw1FT9Rvw7RsNG,1973,8,28,1973-08-28,NY,4,36,4,42.42,-73.42,42.27,-73.38,9.80,313.00
340,4AUACgnycZHPn2OyhnHC,1973,5,27,1973-05-27,AL,4,199,7,32.53,-87.80,33.53,-85.75,139.10,800.00
341,MQaGeCtRAEKIutUBfvU9,1973,5,26,1973-05-26,OK,4,25,5,35.55,-95.32,35.58,-95.27,3.60,500.00
342,h57yqi32ltmyD7N6JyuR,1973,5,26,1973-05-26,AR,4,289,3,35.27,-91.37,35.83,-90.68,54.80,300.00
343,ktaZLhP2FofJgVacyTsz,1973,5,24,1973-05-24,OK,4,4,2,35.40,-97.97,35.30,-97.77,13.30,300.00
344,v3cgbL7cGQg16ogQOX2D,1973,5,19,1973-05-19,AL,4,19,0,34.47,-85.75,34.50,-85.67,5.40,400.00
345,hV9Xk7uBIuFxW8bm1XVL,1973,4,21,1973-04-21,MO,4,1,0,40.33,-93.55,40.47,-93.32,14.60,440.00
346,FJfzRPil6h58rz3CxTA7,1973,4,20,1973-04-20,MO,4,3,1,39.93,-92.48,39.98,-92.43,3.80,440.00
347,eRJkaTpOFRfEw8UAf1IF,1973,4,19,1973-04-19,MO,4,5,0,38.53,-93.53,0.00,0.00,10.00,880.00
348,p1dr54zod6Fd9a1zVH7z,1973,4,15,1973-04-15,TX,4,12,5,28.83,-99.22,28.82,-98.83,23.30,440.00
349,kVkEbRqbfV0KxaVXuRl9,1973,3,31,1973-03-31,SC,4,30,7,34.08,-82.57,34.27,-82.25,22.60,200.00
350,1rxgc5ZylUMydUCivQBP,1973,3,10,1973-03-10,TX,4,77,6,31.53,-96.83,31.85,-96.80,23.30,150.00
351,hi7bTSV9VQyS3oIQXwJZ,1972,9,28,1972-09-28,IL,4,20,0,42.28,-87.87,42.37,-87.83,5.20,220.00
352,9u0PJwlh1FOn4tlyh4ls,1972,5,14,1972-05-14,IN,4,20,0,39.77,-86.08,40.00,-85.55,30.00,200.00
353,ojFDjZODb4KPRcRfu31M,1972,4,30,1972-04-30,KS,4,1,0,38.08,-100.10,38.30,-99.68,26.60,77.00
354,1KVdFWJKvx4rVq1A0Aa6,1972,4,19,1972-04-19,OK,4,6,5,34.38,-97.55,34.55,-97.18,28.20,10.00
355,6XuAMduy5C5SRlkp74GZ,1971,7,12,1971-07-12,IA,4,8,0,43.23,-92.45,43.07,-92.05,10.90,1320.00
356,37z4jjSDLf1CCBSMspgB,1971,6,9,1971-06-09,TX,4,0,0,36.27,-101.40,36.43,-101.20,15.90,1760.00
357,xSjTfAEv4Nijj83z4gAk,1971,6,9,1971-06-09,TX,4,0,0,36.03,-101.82,36.08,-101.73,5.90,1320.00
358,G9Tc6GFlVNDqooZxz9Jf,1971,5,7,1971-05-07,TN,4,137,3,36.07,-88.78,35.88,-87.90,50.90,100.00
359,OpUAEgs7aJeuEQKEddzq,1971,4,27,1971-04-27,KY,4,72,2,37.08,-85.07,37.07,-84.83,13.00,100.00
360,Z9kc4OrmWFud3g0WelCW,1971,4,27,1971-04-27,KY,4,58,6,37.15,-85.45,37.13,-85.20,14.10,100.00
361,w9Uu68INgVSqGtqeMxqY,1971,4,23,1971-04-23,AL,4,0,0,31.50,-87.30,31.77,-87.00,25.40,300.00
362,tewwJiNgRK5ulwQ71DiO,1971,3,12,1971-03-12,TX,4,5,1,33.48,-94.48,33.50,-94.40,5.10,880.00
363,6iD4dIpllt7fqvJVcJzF,1971,2,21,1971-02-21,MS,4,182,13,32.33,-90.73,33.10,-90.10,65.20,10.00
364,sQrpciBXgzr6uywQ7ZEm,1971,2,21,1971-02-21,MS,4,795,58,32.70,-91.02,35.03,-88.92,202.10,100.00
365,FWFwGPslB7j4HsnZ4BAn,1970,10,5,1970-10-05,OK,4,84,4,35.33,-96.93,35.53,-96.57,25.00,150.00
366,YOCk3EUyXGrnLycL1ZPU,1970,6,12,1970-06-12,MO,4,0,0,39.55,-92.88,39.72,-92.67,16.10,400.00
367,YESKuth2oRFcHIKtS8Mo,1970,4,27,1970-04-27,TN,4,85,3,36.45,-87.13,36.55,-86.37,42.60,250.00
368,uQfBNUgp8IiyOjxyBPjj,1970,4,19,1970-04-19,MS,4,78,4,34.72,-89.00,35.05,-88.27,47.60,100.00
369,qNbriLCigHuOXNfhcqAY,1970,4,18,1970-04-18,TX,4,42,16,34.65,-101.53,35.23,-100.65,65.00,880.00
370,fKlpswZiHFLZ4c79N0rW,1970,4,17,1970-04-17,TX,4,24,0,33.60,-102.63,33.82,-102.20,30.00,880.00
371,fSAVVcbO108QH0R4Ma9m,1970,4,17,1970-04-17,TX,4,51,5,34.00,-101.98,34.85,-100.68,96.60,880.00
372,4SFnPTyFKkfCK5MNc60G,1970,4,17,1970-04-17,TX,4,13,1,34.38,-102.62,35.60,-100.88,130.00,880.00
373,IbwxdcITDky7mexIBGT2,1969,8,6,1969-08-06,MN,4,70,12,46.78,-94.22,46.97,-93.57,32.30,833.00
374,K7KyDgfMciFC1BzMLFh9,1969,7,7,1969-07-07,SD,4,0,0,45.28,-103.75,0.00,0.00,1.80,133.00
375,HNjWPGBgXYs56Ty09kfd,1969,6,23,1969-06-23,KS,4,6,0,37.65,-97.65,37.60,-97.50,8.70,700.00
376,GeZvGSCdvPSfq70CvdHH,1969,6,22,1969-06-22,MO,4,22,2,37.95,-91.10,38.00,-90.73,20.20,800.00
377,OpRxDbHIi9o6Nz1h7duq,1969,6,22,1969-06-22,MO,4,14,4,37.73,-90.55,37.72,-90.27,15.10,440.00
378,P1krqoCEaFN5IiXHCc81,1969,4,18,1969-04-18,AL,4,14,2,31.83,-86.63,32.22,-85.88,52.40,500.00
379,pjOOHR6BUYsoGusw41UG,1969,1,23,1969-01-23,MS,4,241,32,31.68,-91.05,32.30,-89.20,117.80,200.00
380,hGsU9SAKMWoAbT29KHXT,1968,8,19,1968-08-19,WI,4,3,2,45.08,-88.08,45.07,-87.63,21.80,33.00
381,Yq9hZz8JAOLbgGE6Av6r,1968,5,15,1968-05-15,AR,4,364,35,35.73,-91.18,35.90,-90.03,20.90,250.00
382,ysunOA2Q4bRDGEvaiJ9l,1968,5,15,1968-05-15,AR,4,24,7,35.65,-91.47,0.00,0.00,0.30,300.00
383,L8hWcuu9xXMpedAkHGJC,1968,4,23,1968-04-23,KY,4,364,6,38.67,-84.37,38.88,-82.92,78.70,550.00
384,HfHCYAk6mB9GitWIIn4V,1968,4,23,1968-04-23,OH,4,33,1,39.10,-84.27,39.28,-83.87,24.10,300.00
385,ULSLH6s679eHRCduFkEk,1968,4,19,1968-04-19,AR,4,270,14,35.20,-94.27,0.00,0.00,2.00,300.00
386,Qh6nK1N8Boco2ZUrqoB1,1968,4,3,1968-04-03,KY,4,30,2,36.63,-88.30,37.12,-87.63,50.60,100.00
387,SV8sh0ai6QH1mwvjMWnr,1968,4,3,1968-04-03,AR,4,16,5,33.92,-91.85,33.98,-91.27,33.70,400.00
388,7rv7fFTNQaFZIBxD4OG3,1967,12,21,1967-12-21,MO,4,52,3,37.68,-91.13,37.95,-90.75,27.90,200.00
389,92SZrrB8kAfCacp9oeyN,1967,12,2,1967-12-02,MS,4,10,2,32.47,-89.47,32.52,-89.35,7.60,300.00
390,cqomhSCaUHxxNO3HCJdX,1967,6,10,1967-06-10,OK,4,1,4,35.60,-99.38,35.68,-99.27,8.70,300.00
391,nHgYHxOKrYY4PyNRlINB,1967,6,10,1967-06-10,OK,4,0,0,35.83,-98.30,0.00,0.00,0.10,10.00
392,Q8u4pkyvpGjZju6fw2eM,1967,6,8,1967-06-08,IA,4,0,0,42.52,-94.18,0.00,0.00,2.00,200.00
393,Bvzv6OvTEO9kzMK8qUfB,1967,4,30,1967-04-30,IA,4,1,0,43.45,-93.17,43.57,-93.12,7.60,500.00
394,odmxQfPBgaKo5MFE5ECK,1967,4,30,1967-04-30,MN,4,22,6,43.80,-93.52,44.12,-93.48,20.10,267.00
395,93D4qrZuevyS4OL18veZ,1967,4,30,1967-04-30,MN,4,35,5,43.57,-93.43,44.10,-93.22,38.70,100.00
396,KSi1XZGg480mNsQKI516,1967,4,30,1967-04-30,IA,4,0,0,43.30,-93.17,43.43,-92.97,13.30,400.00
397,ySlJXMCPE1ZxYaiubqd4,1967,4,21,1967-04-21,IL,4,100,1,42.15,-88.27,42.22,-88.10,8.80,150.00
398,YQee00OPM0R6f8BQ9kKi,1967,4,21,1967-04-21,MO,4,2,0,39.70,-93.17,39.98,-92.12,59.00,500.00
399,naXmuDdu4UEReGezr3DW,1967,4,21,1967-04-21,MI,4,8,0,42.93,-84.80,43.02,-84.58,12.00,50.00
400,aAXffsdUPm8DAxr7w6lJ,1967,4,21,1967-04-21,IL,4,500,33,41.67,-87.83,41.73,-87.55,15.00,200.00
401,hh2MarFqqOndshMXZrRM,1967,4,21,1967-04-21,IL,4,450,24,42.22,-88.92,42.35,-88.43,25.50,1200.00
402,kPEBQHvH63BgaFQEYvUR,1967,3,6,1967-03-06,AL,4,25,2,33.70,-87.17,33.78,-86.82,20.90,440.00
403,HbiU0KHA16Q0YKQRMC9X,1967,1,24,1967-01-24,MO,4,2,0,40.40,-92.53,40.68,-92.23,25.70,440.00
404,MpxjXt5Ak2C7sW1DiGYn,1967,1,24,1967-01-24,MO,4,216,3,38.68,-90.55,38.82,-90.12,25.00,200.00
405,3aSpFyLCi80oxl2XVuGR,1966,6,11,1966-06-11,MN,4,0,0,46.63,-94.37,46.83,-92.83,72.80,333.00
406,Vu1ybm0ev7RYrG3dbF8s,1966,6,8,1966-06-08,KS,4,2,1,39.17,-95.18,39.27,-94.83,19.90,200.00
407,koLLGuxyvPtKQMO6JrTz,1966,4,27,1966-04-27,OK,4,2,0,34.32,-96.53,34.27,-96.37,10.20,300.00
408,2tsqlN6x3pKbOALnxbXr,1966,4,4,1966-04-04,FL,4,530,11,27.92,-82.80,28.43,-80.67,135.80,300.00
409,LbtdBmpnvxx0XAR1AfH7,1965,8,26,1965-08-26,IA,4,17,1,42.30,-92.20,42.25,-92.10,4.70,200.00
410,dGcJFC1VS1CWRuMHOBk6,1965,6,7,1965-06-07,SD,4,0,1,43.17,-97.23,43.23,-97.07,7.80,647.00
411,lIxlnUZYnGqUPykzS1JD,1965,6,2,1965-06-02,TX,4,76,4,33.90,-102.15,34.22,-101.58,39.30,200.00
412,40JxWy5uulZfeVroj2YO,1965,5,8,1965-05-08,NE,4,53,4,40.87,-98.60,42.50,-97.55,125.70,10.00
413,AUQzscMeh4pVBiQbGy4c,1965,5,8,1965-05-08,NE,4,0,0,41.23,-98.67,42.33,-98.25,78.90,10.00
414,HfFW4QR8Awx89HAly2Ys,1965,5,6,1965-05-06,MN,4,175,3,44.78,-93.75,44.97,-93.73,12.30,300.00
415,ERRzpBrdCgJ9qn2cx94G,1965,5,6,1965-05-06,MN,4,158,6,44.98,-93.38,45.17,-93.08,17.30,667.00
416,nReCX1Fet6BlLb94Ndd5,1965,5,6,1965-05-06,MN,4,175,3,45.03,-93.28,45.13,-93.23,6.80,1000.00
417,8yBOz8FsdxwIfUJFK8yt,1965,5,6,1965-05-06,MN,4,0,0,44.85,-93.53,44.95,-93.53,6.90,200.00
418,h7FyPKhdWrW48zvyjKV3,1965,5,5,1965-05-05,IA,4,0,0,42.30,-94.47,42.37,-94.28,9.90,200.00
419,UDs2NOXL7ercC4tyyms8,1965,5,5,1965-05-05,IA,4,11,0,43.28,-92.82,43.45,-92.03,41.60,200.00
420,ZsbtGj50m08PO8ZzL6VU,1965,4,11,1965-04-11,IL,4,75,6,42.22,-88.38,42.28,-88.18,9.10,400.00
421,0kTncEZBYl5kDgZ7Gt8l,1965,4,11,1965-04-11,OH,4,200,18,41.23,-82.25,41.33,-81.83,22.00,400.00
422,MnOYlWAPD2WS92IrtqHR,1965,4,11,1965-04-11,OH,4,236,18,41.67,-83.60,41.73,-83.47,5.60,200.00
423,xGakwpDVRt13wAEBN4a0,1965,4,11,1965-04-11,OH,4,104,13,40.80,-84.20,40.95,-83.60,32.50,400.00
424,SmmL4WeDVRMIvvyf1BvG,1965,4,11,1965-04-11,OH,4,50,3,40.35,-84.38,40.38,-84.03,18.40,300.00
425,vW7axV3EHvyTp311BC4D,1965,4,11,1965-04-11,MI,4,293,21,41.80,-85.00,42.08,-83.47,80.50,10.00
426,CA3dXR3ktZpgb5uW897n,1965,4,11,1965-04-11,MI,4,142,5,43.02,-85.92,43.20,-85.45,20.60,300.00
427,TE3kGLATdOLO0zisPySZ,1965,4,11,1965-04-11,MI,4,8,1,42.85,-84.65,42.93,-84.23,21.00,100.00
428,ql9X3AdICySTh8VTonuc,1965,4,11,1965-04-11,IN,4,321,36,41.58,-86.20,41.75,-85.50,37.00,333.00
429,U7Gf4lXOKS0XpD8T95cn,1965,4,11,1965-04-11,IN,4,252,31,41.52,-86.07,41.70,-85.73,21.20,10.00
430,t5IAbvPvwxZucYPCkNGY,1965,4,11,1965-04-11,IN,4,123,28,40.02,-86.87,40.17,-86.02,45.70,1667.00
431,JQ5bOiqbFTkF1EkJgrR6,1965,4,11,1965-04-11,IN,4,835,25,40.40,-86.38,40.52,-85.47,48.00,880.00
432,JHZ4ewnZZGk5UnOUiDq2,1965,4,11,1965-04-11,IN,4,294,23,41.73,-85.17,42.08,-83.47,90.30,1760.00
433,CTVySyYnJoLfwFQ74473,1965,4,11,1965-04-11,IN,4,41,5,41.62,-85.70,41.73,-85.27,21.60,177.00
434,B8Rp1ALS9cRG7tj4wTs6,1965,4,11,1965-04-11,IN,4,125,4,40.55,-85.38,40.77,-84.38,52.50,10.00
435,J1vfk8iayD6xy51kCr4Y,1965,4,11,1965-04-11,IN,4,44,0,40.33,-86.83,40.42,-86.40,21.80,500.00
436,azKyWHcyF9QvIqp3Et04,1965,4,11,1965-04-11,IA,4,3,1,41.85,-90.93,42.17,-90.47,91.50,200.00
437,5R0OFnnCiUXWDEbEqBlc,1965,4,10,1965-04-10,AR,4,200,6,35.05,-92.45,35.10,-92.40,4.70,200.00
438,SnuZ38tn47Vnw9vggXZy,1965,3,16,1965-03-16,OK,4,7,0,36.60,-98.10,37.25,-96.85,82.70,300.00
439,actjzSKsvXwmLPZPw3Ic,1964,10,3,1964-10-03,LA,4,165,22,29.60,-90.37,0.00,0.00,1.50,67.00
440,AoYgCuubrQyZFsbfx6Fh,1964,8,29,1964-08-29,IA,4,2,0,42.92,-94.23,43.12,-94.07,15.80,100.00
441,afB5xSNv9K4BwWE9UHjW,1964,8,22,1964-08-22,WI,4,30,0,43.38,-87.92,0.00,0.00,2.20,50.00
442,4dWN6NWBqLn05yj1PEzk,1964,6,22,1964-06-22,IA,4,0,0,40.70,-95.45,40.77,-95.23,11.90,400.00
443,vHMgaTktQnHSaqr2VXc3,1964,5,8,1964-05-08,MI,4,224,11,42.67,-82.83,42.67,-82.75,3.30,833.00
444,7GLuuFqwIdkhnJblWggj,1964,5,5,1964-05-05,NE,4,11,0,41.40,-98.38,42.07,-97.93,51.20,10.00
445,ZUsZQMTKI1w6Y4cOm6u5,1964,4,12,1964-04-12,KS,4,9,3,38.12,-95.30,38.37,-95.13,19.40,880.00
446,JuoCMTWRqbF4qLv7QuxO,1964,4,12,1964-04-12,IA,4,28,1,40.67,-95.23,40.83,-95.10,13.10,400.00
447,0qEkj4IBLmRdj78IyvSN,1964,3,4,1964-03-04,KY,4,24,3,36.70,-88.45,36.88,-88.20,18.50,250.00
448,Wrg0aQHvgd9W8kfIGI6j,1964,1,24,1964-01-24,AL,4,6,10,33.32,-86.43,33.33,-86.38,3.30,100.00
449,hEGndKK2TEqewEeDjTIB,1963,4,29,1963-04-29,MS,4,20,3,34.12,-88.72,34.15,-88.65,4.70,1000.00
450,aBsFXcr2opdGAQL9lK6I,1963,4,17,1963-04-17,IL,4,70,1,41.18,-88.10,41.08,-86.87,57.30,130.00
451,wHO1gv84Gtp0IOsaAll5,1963,3,11,1963-03-11,MS,4,7,2,33.17,-89.65,33.55,-89.02,45.20,440.00
452,wTk2BE0ic2vakrauSHF2,1963,3,11,1963-03-11,AL,4,6,2,33.90,-86.90,34.18,-86.55,28.00,880.00
453,JUG04MiFQmXd2h7qqy1l,1963,3,5,1963-03-05,AL,4,35,0,33.37,-86.97,33.48,-86.75,14.90,667.00
454,zmBjWnpMmXT5NOCWdGbd,1962,9,16,1962-09-16,MN,4,34,0,43.97,-92.45,0.00,0.00,0.50,33.00
455,RZa6deqgSnjRWTB3gS87,1962,8,6,1962-08-06,KS,4,3,0,39.52,-95.78,39.38,-95.67,11.00,667.00
456,sQ1zRYe0Bc0RGTJohM8u,1962,5,29,1962-05-29,NE,4,0,0,42.68,-98.45,43.00,-98.67,24.20,300.00
457,l7otAZsZsivnvosf6bWB,1962,5,26,1962-05-26,TX,4,1,0,33.17,-99.77,33.17,-99.58,10.70,133.00
458,gn19M7pQLfapg0AMUaeo,1962,5,26,1962-05-26,OK,4,1,0,34.15,-98.45,34.28,-98.38,10.10,400.00
459,dw9QzIiMxqLyre6hHN7a,1962,5,25,1962-05-25,OK,4,9,0,35.27,-99.20,35.30,-99.08,7.20,250.00
460,wCeQgaUUoobH24PITP1e,1961,9,12,1961-09-12,TX,4,200,8,29.32,-94.78,0.00,0.00,1.00,100.00
461,5cR36kCBidV5gIXPO2rI,1961,9,1,1961-09-01,IA,4,7,0,42.78,-93.00,42.88,-92.47,26.60,27.00
462,6Jd54DKPz6YvKs4Y33W6,1961,6,29,1961-06-29,MT,4,1,0,47.10,-104.70,47.22,-104.40,15.90,10.00
463,PpJLMv201hny2DZ7L7SS,1961,5,30,1961-05-30,NE,4,0,0,41.62,-99.87,41.63,-98.93,48.10,10.00
464,azgprTHldh5RGxxz42HF,1961,5,7,1961-05-07,KS,4,12,0,39.17,-94.93,39.28,-94.42,26.20,50.00
465,kdFAOl1mDsrGVyoi0J0r,1961,5,5,1961-05-05,OK,4,58,16,34.73,-95.03,34.95,-94.65,26.40,400.00
466,BncztBQjQAu17xqSLSP7,1961,4,25,1961-04-25,IN,4,7,0,39.58,-85.80,39.75,-84.62,63.10,550.00
467,ptaUpxoBojF1YXb4gyCo,1960,5,19,1960-05-19,KS,4,92,1,39.18,-95.95,39.23,-95.43,27.50,880.00
468,tjLj3Q5onudemgybN6kS,1960,5,19,1960-05-19,KS,4,12,0,39.15,-96.33,39.18,-95.95,20.60,10.00
469,DvHDogXoNQwd2xH3aNpl,1960,5,5,1960-05-05,OK,4,106,16,34.88,-95.30,35.45,-94.82,62.40,200.00
470,quikDx2TpF6G1RgV3kBn,1960,5,5,1960-05-05,OK,4,13,5,35.38,-94.55,35.45,-94.50,5.40,10.00
471,NllAYtmq66uQ5aXoo9B2,1960,5,4,1960-05-04,OK,4,3,0,34.02,-95.70,34.38,-95.42,30.80,150.00
472,9sspRRffcUMsepcrpriy,1960,5,4,1960-05-04,OK,4,0,0,34.95,-96.80,35.05,-96.73,8.00,10.00
473,sRfXaxKjqr7c0lZH8mpi,1959,9,27,1959-09-27,OK,4,1,1,36.85,-95.25,37.12,-95.10,20.40,440.00
474,uWiI9NbDtIjH5ZTAmGo5,1959,9,26,1959-09-26,MO,4,0,0,37.35,-92.67,37.43,-92.57,7.80,100.00
475,7jrkvmVoVqS77e3JPWye,1959,5,20,1959-05-20,IA,4,5,0,40.70,-93.15,40.87,-92.90,17.20,440.00
476,ZhGWhj2aOfOufEdoNh3x,1959,5,10,1959-05-10,IA,4,1,0,41.50,-94.63,41.93,-94.08,41.10,400.00
477,McuYwBr1U7hP45pC3eps,1959,5,9,1959-05-09,OK,4,12,7,34.62,-96.58,34.68,-96.52,6.20,900.00
478,xAg9v54xpYOa5bhqkhea,1959,3,31,1959-03-31,TX,4,31,6,31.85,-97.22,31.98,-97.13,10.40,1760.00
479,00aA6UBkG2ha0ZJf3IW7,1959,2,10,1959-02-10,MO,4,345,21,38.53,-90.60,38.67,-90.15,23.90,200.00
480,wV19FJD8NvOjJpCisWuw,1958,6,10,1958-06-10,KS,4,5,15,37.85,-97.02,37.83,-96.85,9.00,300.00
481,BkGpQ8ZUaVOKxEcMjj51,1958,6,4,1958-06-04,WI,4,3,4,44.77,-91.27,44.90,-90.07,59.20,880.00
482,2bWqpflWFgbZFga6iK7f,1958,6,4,1958-06-04,WI,4,50,3,44.93,-91.47,45.00,-91.25,11.10,600.00
483,aEnx6Xlzo61QPoTBwLHI,1958,4,15,1958-04-15,FL,4,7,0,27.67,-82.62,0.00,0.00,0.10,300.00
484,Al7S6GZCgLLeFMXexsTn,1957,12,19,1957-12-19,AR,4,9,2,33.35,-93.25,33.52,-93.02,17.70,10.00
485,nJklWaZwiyR7q762sJZ6,1957,12,18,1957-12-18,IL,4,45,1,38.28,-89.08,38.35,-88.78,16.80,250.00
486,6Dz8PEThVdQllF0osmqI,1957,12,18,1957-12-18,IL,4,200,11,37.70,-89.48,37.88,-89.02,28.30,300.00
487,cY4Wji2hBMBEY8jPEi36,1957,11,18,1957-11-18,AL,4,12,3,33.98,-86.52,34.27,-86.22,26.10,100.00
488,9a5yW6JGqmiRYmVQk03o,1957,11,17,1957-11-17,AL,4,15,4,33.90,-87.18,33.93,-87.30,7.20,200.00
489,bpkZlUtlErRSN6aOpwUX,1957,11,7,1957-11-07,TX,4,81,1,30.10,-93.73,29.97,-93.88,12.90,200.00
490,SHnwMjGhzSsIj0wHujz8,1957,9,14,1957-09-14,OK,4,6,2,34.95,-97.25,35.28,-96.15,67.50,440.00
491,tXHOtLiPXWaWokXEHS8A,1957,7,4,1957-07-04,MI,4,6,0,42.52,-83.73,42.52,-83.12,29.90,50.00
492,sX8w3Lpt4ylWBR8vw969,1957,6,14,1957-06-14,IL,4,50,2,39.75,-89.70,39.77,-89.62,4.30,220.00
493,BNSl5tSrjUaT8tXCPayS,1957,5,24,1957-05-24,OK,4,5,4,34.27,-98.50,34.57,-98.40,21.60,880.00
494,Fq5uFF97Bu8lrGnh1gK8,1957,5,21,1957-05-21,MN,4,2,0,45.58,-92.87,45.72,-92.87,9.20,100.00
495,B2TiSuyZrMIjAvTzDvNm,1957,5,21,1957-05-21,MO,4,75,7,36.95,-91.17,37.00,-91.02,9.10,500.00
496,zacXjmkRoWjEQqZ6UBq8,1957,5,20,1957-05-20,KS,4,0,0,39.38,-97.73,39.88,-97.20,44.60,400.00
497,lJSDna8wB3l4WdC3zj4B,1957,5,15,1957-05-15,TX,4,80,21,34.47,-101.30,34.67,-101.05,17.00,300.00
498,EPikmXH2Djc8Arn9dB7m,1957,4,25,1957-04-25,NE,4,8,1,40.58,-97.57,41.18,-96.03,89.80,333.00
499,0m52nJCXwqVw7Dk1VGTJ,1957,4,21,1957-04-21,TX,4,7,0,33.60,-102.30,34.02,-102.38,29.20,880.00
500,m9iLe4y35EdzCgPn23Nl,1957,4,21,1957-04-21,TX,4,6,0,33.43,-101.63,33.58,-101.83,15.50,100.00
501,rF0uCGTWBueVPlBhzuhg,1957,4,19,1957-04-19,WI,4,0,1,43.87,-90.18,44.17,-90.08,21.10,300.00
502,k5HyPgb2qP4s7xnFODfa,1957,4,8,1957-04-08,SC,4,70,4,34.63,-80.58,34.95,-78.50,121.40,150.00
503,OBnlf0ThOBp2vfbnKkHL,1957,4,8,1957-04-08,NC,4,21,0,34.68,-79.20,0.00,0.00,0.80,150.00
504,YRC5rsmTMUZEjKCFdRRd,1957,4,2,1957-04-02,OK,4,3,3,33.93,-96.43,34.03,-96.37,7.90,200.00
505,MeuD9EBNPXzh3ixazqbp,1957,4,2,1957-04-02,OK,4,6,2,34.00,-96.65,34.05,-96.58,5.20,200.00
506,mtW55vJ09pOV8p7wRX5u,1957,1,22,1957-01-22,OK,4,20,10,35.40,-94.68,0.00,0.00,0.10,880.00
507,orjcuVsvsJtldi4179W1,1956,10,29,1956-10-29,NE,4,2,0,40.70,-101.22,42.40,-99.48,147.70,440.00
508,EP52bVOMNPKsoZ1gl0zz,1956,6,6,1956-06-06,NE,4,0,0,40.97,-99.10,0.00,0.00,2.00,500.00
509,ANSVEw53cD8mGuU84FEx,1956,5,12,1956-05-12,MI,4,116,3,43.00,-83.68,42.97,-83.55,6.60,100.00
510,syWEN0DXwC0I8EZwFY3l,1956,5,12,1956-05-12,MI,4,22,0,42.25,-83.22,42.22,-83.08,6.80,400.00
511,qbEZe0wogNwdSakzcmJd,1956,4,15,1956-04-15,AL,4,200,25,33.50,-86.97,33.63,-86.63,21.30,200.00
512,EySYTO7qFVepfzJDyLhe,1956,4,3,1956-04-03,OK,4,59,0,36.77,-94.97,37.15,-94.42,41.80,400.00
513,yYQVIt3KzwW1RNnCybYL,1956,4,3,1956-04-03,MI,4,25,1,44.38,-86.26,44.96,-85.60,50.30,400.00
514,CcKPKnCzv6Cc1HvHaHEF,1956,4,3,1956-04-03,WI,4,50,7,43.93,-88.97,44.05,-88.75,11.50,440.00
515,1rkI87NOWgNfALGKfou1,1956,4,3,1956-04-03,TN,4,60,3,35.58,-88.47,35.70,-88.32,11.60,100.00
516,09Ie06fjc6rNHqpvQ6gv,1956,4,2,1956-04-02,OK,4,29,2,36.82,-96.97,38.10,-95.88,108.30,880.00
517,vaqO66jiCk4BlQMabW9g,1956,3,6,1956-03-06,IN,4,31,1,40.57,-85.57,40.60,-85.60,1.90,47.00
518,z5JAZhbW0gvfEjT07y2I,1956,2,24,1956-02-24,MO,4,36,6,38.45,-90.92,38.62,-89.52,77.60,500.00
519,guKHBf2BaWhzrWpKNfHb,1955,7,7,1955-07-07,MN,4,13,1,44.48,-96.20,0.00,0.00,30.00,10.00
520,6GvXVaFXK56qRGZopeiW,1955,7,5,1955-07-05,ND,4,0,0,48.43,-102.33,48.73,-101.92,28.00,100.00
521,t1m70lrrBsPbPZmPP989,1955,7,2,1955-07-02,ND,4,19,2,46.50,-97.00,46.50,-96.80,9.10,150.00
522,1v4LHGTqQXgQMFcfVrPC,1955,6,27,1955-06-27,NE,4,29,2,41.93,-103.80,41.77,-103.32,26.00,10.00
523,M2UepAGGST4N7d3BxJ4U,1955,6,4,1955-06-04,KS,4,0,0,37.48,-100.03,38.18,-99.05,72.20,100.00
524,AVO800XsYArn5JUKMEyv,1955,6,4,1955-06-04,KS,4,0,0,39.52,-98.53,40.02,-97.53,61.90,500.00
525,cCedJMgTQbVRkYAGZhT5,1955,5,25,1955-05-25,TX,4,18,2,35.00,-100.22,35.50,-99.82,45.10,1100.00
526,xT5AhopgLFGDxJNkfLoQ,1955,4,24,1955-04-24,AL,4,20,5,34.35,-87.05,34.37,-86.90,8.60,200.00
527,HVHG4aV8zVPvsA21cjv2,1954,6,9,1954-06-09,IA,4,0,1,42.28,-94.72,42.38,-94.57,9.90,440.00
528,nUmF2oLKMy6yP5AATyMa,1954,5,30,1954-05-30,NE,4,23,6,41.73,-97.73,42.05,-97.28,29.90,400.00
529,xHgNXlcu7J3IiwIFXEgo,1954,5,1,1954-05-01,OK,4,65,0,35.40,-97.37,35.77,-96.52,59.20,10.00
530,Ts0AkzFWHWQS2xf5rEVH,1954,5,1,1954-05-01,TX,4,2,0,33.98,-99.72,34.65,-98.92,68.60,440.00
531,mmLbDn7bnFDhC3jgCj8q,1954,4,30,1954-04-30,IA,4,0,0,42.10,-91.75,43.18,-91.17,80.40,200.00
532,wqcqV3hIqj9zia3aNBvS,1954,4,5,1954-04-05,MO,4,2,0,40.55,-95.38,40.62,-95.27,6.30,900.00
533,OpwDRsqS0w9xay5UF1Uu,1954,3,25,1954-03-25,MO,4,0,2,37.32,-92.23,37.45,-92.08,12.10,100.00
534,aQhzRChTE4B1jNOXd7aS,1953,12,3,1953-12-03,LA,4,50,9,31.07,-93.05,31.82,-92.32,85.50,300.00
535,2vfsKplnFGEHhvdY3QQC,1953,6,9,1953-06-09,MA,4,1228,94,42.47,-72.17,42.30,-71.52,34.90,900.00
536,KZJYACirvSvP7EkUECeh,1953,6,8,1953-06-08,MI,4,23,0,43.15,-83.18,43.13,-82.50,33.80,833.00
537,Qv3GpHimIubKOF3HOcNS,1953,6,8,1953-06-08,OH,4,379,17,41.22,-83.90,41.50,-81.72,118.00,100.00
538,SpXiFmwDdSR2t7DSkKDB,1953,6,8,1953-06-08,MI,4,18,4,41.78,-83.57,41.78,-83.45,5.40,200.00
539,haMowz8vqjVzANLnoJ9U,1953,6,7,1953-06-07,NE,4,0,11,41.33,-99.13,41.57,-99.05,15.00,440.00
540,X2WMMxR24ELPuYoa593N,1953,5,21,1953-05-21,MI,4,68,2,42.92,-82.60,42.98,-82.42,10.00,1760.00
541,io78jgs5t2JMlXK5NKP3,1953,5,11,1953-05-11,TX,4,159,13,31.53,-100.58,31.53,-100.42,9.90,880.00
542,OyUMqifyfl0xWzQNWg9g,1953,5,10,1953-05-10,IA,4,0,0,40.87,-93.33,40.93,-93.23,6.40,10.00
543,OPBwguG41EnLVYukkSTc,1953,5,10,1953-05-10,IA,4,24,2,43.45,-92.40,45.50,-90.42,162.00,100.00
544,rGRNE0gNOXeCs8xz07gp,1953,5,10,1953-05-10,IA,4,3,0,43.07,-93.52,43.45,-93.38,26.60,10.00
545,W5gjV67dcRjCkuD1g5mf,1953,5,2,1953-05-02,TN,4,8,4,35.52,-84.78,35.53,-84.72,4.20,33.00
546,jjOnbGNISQcv89uNHRoD,1953,5,1,1953-05-01,AL,4,12,7,33.22,-85.93,33.30,-85.75,12.10,440.00
547,dGVpbkcEbNytvAGDfyls,1953,5,1,1953-05-01,AL,4,3,2,32.25,-88.38,0.00,0.00,0.10,100.00
548,CgV48IQE3ox18RFk8IWn,1953,4,30,1953-04-30,GA,4,300,18,32.60,-83.60,0.00,0.00,1.00,333.00
549,aexBN9XXXCBtt8IuuydN,1953,4,28,1953-04-28,TX,4,15,2,29.57,-98.70,0.00,0.00,1.00,1760.00
550,aNVrbGgsYWQoWsoZlAEr,1953,3,13,1953-03-13,TX,4,25,17,33.28,-99.95,33.42,-99.78,13.90,50.00
551,gJoeIi9x676KVLHU5AEQ,1952,8,13,1952-08-13,NE,4,20,0,41.22,-96.58,40.93,-96.22,26.70,110.00
552,UpG68oi1PNhvYf22FhmF,1952,7,1,1952-07-01,ND,4,26,1,47.05,-100.50,47.20,-99.50,48.00,150.00
553,XcB6J3hrEkXnCM4eTqge,1952,6,23,1952-06-23,IA,4,4,0,42.75,-95.85,42.90,-95.42,24.10,400.00
554,cWYCfqEL1NRdHeq0rr50,1952,5,22,1952-05-22,KS,4,3,0,38.98,-95.22,39.07,-94.72,26.90,440.00
555,dD0bB4Nw4aSTizmFRdKS,1952,4,21,1952-04-21,TX,4,0,0,31.50,-97.45,31.48,-97.42,2.30,200.00
556,YAoLa4xBViWAJH1kNfnI,1952,3,22,1952-03-22,AL,4,50,4,34.60,-87.00,34.68,-86.63,21.60,100.00
557,fIbVOyiuBTknHHCR2brW,1952,3,21,1952-03-21,AR,4,5,4,35.42,-91.00,0.00,0.00,0.10,880.00
558,cSC3QQal6E1VDGSTfFr2,1952,3,21,1952-03-21,TN,4,157,38,35.27,-88.98,35.63,-88.28,46.80,177.00
559,VjTbQb6vlp6w9medqVf1,1952,3,21,1952-03-21,TN,4,5,4,36.10,-89.27,0.00,0.00,2.00,200.00
560,VsymoBtqSdkGw80cJ2e9,1952,3,21,1952-03-21,TN,4,10,2,36.02,-89.20,36.08,-89.18,4.70,200.00
561,XNIzoqozTdKAaaM3VqU3,1952,3,21,1952-03-21,MS,4,74,16,34.87,-89.68,35.12,-89.28,29.60,427.00
562,Jq15cN35wpaTNIvGAkuz,1952,3,21,1952-03-21,MO,4,100,17,36.05,-89.82,36.07,-89.70,6.50,880.00
563,aQGCEMZfXsTCAiNVbdLK,1952,3,21,1952-03-21,AR,4,325,50,35.22,-91.70,35.37,-91.52,14.60,1760.00
564,zjRikpfOFa4pm7XNJc4c,1952,3,21,1952-03-21,AR,4,180,29,35.00,-91.25,35.13,-91.08,13.10,880.00
565,jE3pixOMgnjR0EWOVmPj,1952,3,21,1952-03-21,AR,4,9,7,34.02,-94.02,34.22,-93.97,13.00,833.00
566,zBIafYFE3ZNUl6RnRRwv,1952,3,21,1952-03-21,AR,4,6,2,34.90,-91.85,34.80,-91.80,7.60,10.00
567,yJTFEZvmQQzbQt6EFvMC,1952,2,29,1952-02-29,TN,4,150,2,35.15,-86.58,0.00,0.00,2.00,300.00
568,M70EgIu61YOJmykyNGcE,1952,2,13,1952-02-13,TN,4,44,3,35.20,-86.30,35.22,-86.08,12.70,100.00
569,mxSMMTl8S4jyhVYnkHBF,1951,9,26,1951-09-26,WI,4,9,1,43.47,-89.25,43.53,-89.08,9.00,100.00
570,DftMcJ7lkFDf3RgBXEWB,1951,9,26,1951-09-26,WI,4,3,6,44.33,-89.30,44.47,-88.78,26.40,100.00
571,jYsEzcZs9Ry94Q7XRmve,1951,6,27,1951-06-27,KS,4,100,5,39.03,-99.88,0.00,0.00,0.80,300.00
572,u92p6sa2fS9fXX895MZx,1951,6,19,1951-06-19,MN,4,20,1,44.88,-94.37,45.22,-93.35,52.60,330.00
573,RWPMEkFJEQc8hTbQI0Vc,1951,5,18,1951-05-18,TX,4,100,2,33.42,-98.75,0.00,0.00,2.00,200.00
574,Q6AHQ2ENup8EEmQVUJiZ,1950,7,15,1950-07-15,NE,4,33,0,41.80,-96.60,41.73,-96.42,10.00,440.00
575,21tm8dONO5Bfz0QhLaqf,1950,6,25,1950-06-25,WI,4,12,2,45.58,-89.58,45.67,-89.33,13.10,880.00
576,dwMABFIgYkvTAXUBPhhm,1950,6,8,1950-06-08,KS,4,5,1,38.33,-97.93,38.33,-97.60,17.10,700.00
577,BGWJuQ49yU61gitlAdNg,1950,5,4,1950-05-04,KS,4,1,0,38.03,-99.12,38.45,-98.78,34.30,150.00
578,uIVRuit2Ib18pag4ojZv,1950,4,28,1950-04-28,OK,4,32,5,35.08,-96.40,35.13,-96.35,4.50,200.00
579,AhAjBkTDk8uAke301GqI,1950,4,28,1950-04-28,TX,4,5,5,32.42,-99.50,32.42,-99.48,1.30,233.00
580,6VEl69yCTFAkfZAsfQJi,1950,2,12,1950-02-12,LA,4,77,18,31.97,-94.00,33.00,-93.30,82.60,100.00
